<ConfiguracaoApp><CfgServico><Certificado><Serial>7BF0DAA0654F05AB2EA742BE4D8A49D0</Serial></Certificado><TimeOut>3000</TimeOut><cUF>33</cUF><tpAmb>2</tpAmb><tpEmis>1</tpEmis><ModeloDocumento>65</ModeloDocumento><VersaoRecepcaoEvento>1.00</VersaoRecepcaoEvento><VersaoNfeRecepcao>3.10</VersaoNfeRecepcao><VersaoNfeRetRecepcao>3.10</VersaoNfeRetRecepcao><VersaoNfeConsultaCadastro>3.10</VersaoNfeConsultaCadastro><VersaoNfeInutilizacao>3.10</VersaoNfeInutilizacao><VersaoNfeConsultaProtocolo>3.10</VersaoNfeConsultaProtocolo><VersaoNfeStatusServico>3.10</VersaoNfeStatusServico><VersaoNFeAutorizacao>3.10</VersaoNFeAutorizacao><VersaoNFeRetAutorizacao>3.10</VersaoNFeRetAutorizacao><VersaoNFeDistribuicaoDFe>3.10</VersaoNFeDistribuicaoDFe><VersaoNfeConsultaDest>3.10</VersaoNfeConsultaDest><VersaoNfeDownloadNF>3.10</VersaoNfeDownloadNF><VersaoNfceAministracaoCSC>2.00</VersaoNfceAministracaoCSC><DiretorioSchemas>C:\NFe</DiretorioSchemas><SalvarXmlServicos>true</SalvarXmlServicos><DiretorioSalvarXml>C:\retorno</DiretorioSalvarXml></CfgServico><Emitente><CNPJ>29999208000148</CNPJ><xNome>DIVINO INDUSTRIA COMERCIO IMPORTACAO E EXPORTACAOA</xNome><xFant>DIVINO IND. COM. IMP. EXP. LTDA</xFant><enderEmit><xLgr>RUA OBIDOS</xLgr><nro>141</nro><xCpl>PAVUNA</xCpl><xBairro>PAVUNA</xBairro><cMun>3304557</cMun><xMun>RIO DE JANEIRO</xMun><UF>RJ</UF><CEP>21350180</CEP><cPais>1058</cPais><xPais>BRASIL</xPais><fone>2124644444</fone></enderEmit><IE>82142045</IE><CRT>3</CRT></Emitente><EnderecoEmitente><xLgr>RUA OBIDOS</xLgr><nro>141</nro><xCpl>PAVUNA</xCpl><xBairro>PAVUNA</xBairro><cMun>3304557</cMun><xMun>RIO DE JANEIRO</xMun><UF>RJ</UF><CEP>21350180</CEP><cPais>1058</cPais><xPais>BRASIL</xPais><fone>2124644444</fone></EnderecoEmitente><ConfiguracaoDanfeNfce><DetalheVendaNormal>UmaLinha</DetalheVendaNormal><DetalheVendaContigencia>UmaLinha</DetalheVendaContigencia><cIdToken>000002</cIdToken><CSC>067C09869C61C7D8262D8B61A008F504THHK</CSC><ImprimeDescontoItem>true</ImprimeDescontoItem></ConfiguracaoDanfeNfce></ConfiguracaoApp>
